{
  "version": "2014-05-02T16:47:13.943Z",
  "target": {
    "clientCode": "",
    "timeout": 5
  },
  "audienceManager": {
    "server": ""
  },
  "acquisition": {
    "server": "c00.adobe.com",
    "appid": "de55255d-65f4-4965-b16c-2c234943bdce"
  },
  "analytics": {
    "rsids": "eqeqxiosdev",
    "server": "equinox.112.2o7.net",
    "ssl": false,
    "offlineEnabled": false,
    "charset": "UTF-8",
    "lifecycleTimeout": 300,
    "privacyDefault": "optedin",
    "batchLimit": 0,
    "timezone": "EDT",
    "timezoneOffset": -240,
    "referrerTimeout": 0,
    "poi": [
      [
        "Boston-Dartmouth",
        42.346739,
        -71.075817,
        200
      ],
      [
        "Boston-Franklin Street",
        42.356537,
        -71.053946,
        200
      ],
      [
        "Boston-Chestnut Hill",
        42.320019,
        -71.17628,
        200
      ],
      [
        "Chicago-Lincoln Park",
        41.914119,
        -87.633447,
        200
      ],
      [
        "Chicago-North Michigan",
        41.899326,
        -87.624227,
        200
      ],
      [
        "Chicago-Highland Park",
        42.183917,
        -87.804256,
        200
      ],
      [
        "Chicago-Chicago Loop",
        41.880659,
        -87.634,
        200
      ],
      [
        "DC-Tysons Corner",
        38.913394,
        -77.223253,
        200
      ],
      [
        "DC-Bethesda",
        38.982154,
        -77.096157,
        200
      ],
      [
        "FL-South Beach",
        25.774891,
        -80.132917,
        200
      ],
      [
        "FL-Coral Gables",
        25.732173,
        -80.261238,
        200
      ],
      [
        "FL-Aventura",
        25.956979,
        -80.146787,
        200
      ],
      [
        "NoCal-Pine Street",
        37.79213,
        -122.401093,
        200
      ],
      [
        "NoCal-San Mateo",
        37.562378,
        -122.324996,
        200
      ],
      [
        "NoCal-Palo Alto",
        37.422122,
        -122.13797,
        200
      ],
      [
        "NY-19th Street",
        40.73881,
        -73.989844,
        200
      ],
      [
        "NY-92nd Street",
        40.791721,
        -73.974051,
        200
      ],
      [
        "NY-85th Street",
        40.778042,
        -73.954281,
        200
      ],
      [
        "NY-63rd Street",
        40.76463,
        -73.966166,
        200
      ],
      [
        "NY-54th Street",
        40.757676,
        -73.967257,
        200
      ],
      [
        "NY-50th Street",
        40.761585,
        -73.983983,
        200
      ],
      [
        "NY-43rd Street",
        40.754426,
        -73.980191,
        200
      ],
      [
        "NY-44th Street",
        40.752254,
        -73.975452,
        200
      ],
      [
        "NY-Wall Street",
        40.707604,
        -74.011465,
        200
      ],
      [
        "NY-Tribeca",
        40.714182,
        -74.009723,
        200
      ],
      [
        "NY-Greenwich",
        40.737618,
        -74.001895,
        200
      ],
      [
        "NY-Columbus Circle",
        40.76848,
        -73.98187,
        200
      ],
      [
        "NY-Soho",
        40.724262,
        -73.997743,
        200
      ],
      [
        "NY-Park Avenue",
        40.746087,
        -73.981981,
        200
      ],
      [
        "NY-17th Street",
        40.74362,
        -74.007105,
        200
      ],
      [
        "NY-74th Street",
        40.770454,
        -73.957139,
        200
      ],
      [
        "NY-76th Street",
        40.781392,
        -73.979599,
        200
      ],
      [
        "NY-Printing House",
        40.729689,
        -74.006881,
        200
      ],
      [
        "NY-Brooklyn Heights",
        40.692324,
        -73.9911,
        200
      ],
      [
        "NY-Scarsdale",
        40.975327,
        -73.802754,
        200
      ],
      [
        "NY-Woodbury",
        40.812045,
        -73.489376,
        200
      ],
      [
        "NY-Roslyn",
        40.809481,
        -73.620367,
        200
      ],
      [
        "NY-Mamaroneck",
        40.940392,
        -73.742876,
        200
      ],
      [
        "NY-Great Neck",
        40.788178,
        -73.706719,
        200
      ],
      [
        "NY-Armonk",
        41.120776,
        -73.708295,
        200
      ],
      [
        "CT-Darien",
        41.06903,
        -73.494548,
        200
      ],
      [
        "CT-Greenwich CT",
        41.01921,
        -73.636269,
        200
      ],
      [
        "NY-Rockefeller Center",
        40.759448,
        -73.9782,
        200
      ],
      [
        "NJ-Summit",
        40.731851,
        -74.374292,
        200
      ],
      [
        "NJ-Paramus",
        40.97205,
        -74.0802092,
        200
      ],
      [
        "SoCal-Pasadena",
        34.145766,
        -118.145337,
        200
      ],
      [
        "SoCal-West Hollywood",
        34.092847,
        -118.378733,
        200
      ],
      [
        "SoCal-Santa Monica",
        34.014949,
        -118.497007,
        200
      ],
      [
        "SoCal-Westwood",
        34.058222,
        -118.44601,
        200
      ],
      [
        "SoCal-Palos Verdes",
        33.772849,
        -118.374772,
        200
      ],
      [
        "SoCal-Century City",
        34.058221,
        -118.41653,
        200
      ],
      [
        "SoCal-Woodland Hills",
        34.179199,
        -118.599214,
        200
      ],
      [
        "SoCal-South Bay",
        33.901787,
        -118.374408,
        200
      ],
      [
        "SoCal-Newport Beach",
        33.660021,
        -117.860142,
        200
      ],
      [
        "SoCal-Marina del Rey",
        33.987673,
        -118.4412,
        200
      ],
      [
        "SoCal-Beverly Hills",
        34.067457,
        -118.403451,
        200
      ],
      [
        "SoCal-West LA",
        34.044911,
        -118.442431,
        200
      ],
      [
        "SoCal-Irvine",
        33.6840376,
        -117.8541333,
        200
      ],
      [
        "SoCal-Downtown LA",
        34.051861,
        -118.25535,
        200
      ],
      [
        "SoCal-Westlake Village",
        34.156747,
        -118.81664,
        200
      ],
      [
        "SoCal-Encino",
        34.158567,
        -118.50082,
        200
      ],
      [
        "TX-Highland Park TX",
        32.817976,
        -96.802998,
        200
      ],
      [
        "TX-Preston Hollows",
        32.866835,
        -96.786811,
        200
      ],
      [
        "Toronto-Bay St",
        43.6482944,
        -79.3800809,
        200
      ],
      [
        "London-Kensington",
        51.501139,
        -0.191349,
        200
      ],
      [
        "NoCal-Union Street",
        37.7975555,
        -122.4327218,
        200
      ],
      [
        "NY-Bryant Park",
        40.7545399,
        -73.9854223,
        200
      ],
      [
        "NY-Brookfield Place",
        40.713028,
        -74.014821,
        200
      ]
    ]
  }
}
